<?xml version="1.0" encoding="UTF-8" standalone="yes"?>
<addon id="script.scorpion.artwork" version="3.0.0" name="Scorpion Artwork" provider-name=" Pick">
	<requires>
		<import addon="xbmc.python" version="2.19.0"/>
	</requires>
	<extension point="xbmc.python.module" library="lib" />
	<extension point="xbmc.addon.metadata">
		<summary>Scorpion: The very best in van candy.</summary>
		<description>Freshness Guaranteed</description>
        <disclaimer>The author of this addon does not give a f--ck what you do.</disclaimer>
		<platform>all</platform>
	</extension>
</addon>
