<?xml version="1.0" encoding="UTF-8"?>
<addon id="skin.scorpion" name="Scorpion Skin" version="3.0" provider-name="Pick">
	<requires>
		<import addon="xbmc.gui" version="5.14.0" />
		<import addon="script.skin.helper.service" version="1.0.0"/>
        <import addon="resource.images.studios.white"/>
	</requires>
	<extension point="xbmc.gui.skin" debugging="false">
		<res width="1920" height="1440" aspect="4:3" default="false" folder="xml" />
		<res width="1920" height="1280" aspect="3:2" default="false" folder="xml" />
		<res width="1920" height="1200" aspect="16:10" default="false" folder="xml" />
		<res width="2040" height="1080" aspect="17:9" default="false" folder="xml" />
		<res width="1920" height="1080" aspect="16:9" default="true" folder="xml" />
		<res width="2560" height="1080" aspect="21:9" default="false" folder="xml" />
		<res width="2338" height="1080" aspect="19.5:9" default="false" folder="xml" />
		<res width="2160" height="1080" aspect="18:9" default="false" folder="xml" />
	</extension>
	<extension point="xbmc.addon.metadata">
		<summary>The very best in van candy.</summary>
		<description>Freshness Guaranteed.</description>
        <disclaimer>The author of this addon does not give a f--ck what you do.</disclaimer>
		<license>CC BY-NC-SA 4.0</license>
		<assets>
			<icon>resources/icon.png</icon>
			<fanart>resources/fanart.jpg</fanart>
    		<screenshot>resources/screenshot-01.jpg</screenshot>
    		<screenshot>resources/screenshot-02.jpg</screenshot>
    		<screenshot>resources/screenshot-03.jpg</screenshot>
    		<screenshot>resources/screenshot-04.jpg</screenshot>
    		<screenshot>resources/screenshot-05.jpg</screenshot>
    		<screenshot>resources/screenshot-06.jpg</screenshot>
    		<screenshot>resources/screenshot-07.jpg</screenshot>
    		<screenshot>resources/screenshot-08.jpg</screenshot>
		</assets>
	</extension>
</addon>
