<?xml version="1.0" encoding="UTF-8" standalone="yes"?>
<addon id="plugin.video.scorpion" version="3.0.0" name="Scorpion" provider-name=" Pick">
	<requires>
		<import addon="xbmc.python" version="2.19.0" />
		<import addon="script.scorpion.artwork" />
		<import addon="script.scorpion.metadata" />
		<import addon="script.module.resolveurl" />
		<import addon="script.module.requests" />
		<import addon="script.module.metahandler" />
		<import addon="script.module.beautifulsoup4" />
        <import addon="script.module.js2py" />
        <import addon="script.module.pyjsparser" />
		<import addon="plugin.video.youtube"/>
	</requires>
	<extension point="xbmc.python.pluginsource" library="scorpion.py">
		<provides>video</provides>
	</extension>
	<extension point="xbmc.service" library="service.py" start="startup" />
	<extension point="xbmc.addon.metadata">
		<summary>Scorpion: The very best in van candy.</summary>
		<description>Freshness Guaranteed</description>
        <disclaimer>The author of this addon does not give a f--ck what you do.</disclaimer>
		<platform>all</platform>
		<license>GNU GENERAL PUBLIC LICENSE. Version 3, 29 June 2007</license>
		<assets>
			<icon>icon.png</icon>
			<fanart>fanart.jpg</fanart>
		</assets>
		<news>
		</news>
	</extension>
</addon>
